<?xml version="1.0" encoding="UTF-8"?>
<beans xmlns="http://www.springframework.org/schema/beans"
       xmlns:xsi="http://www.w3.org/2001/XMLSchema-instance"
       xmlns:mvc="http://www.springframework.org/schema/mvc"
       xmlns:context="http://www.springframework.org/schema/context"
       xsi:schemaLocation="http://www.springframework.org/schema/beans http://www.springframework.org/schema/beans/spring-beans.xsd
       http://www.springframework.org/schema/mvc http://www.springframework.org/schema/mvc/spring-mvc-3.1.xsd
       http://www.springframework.org/schema/context http://www.springframework.org/schema/context/spring-context-3.1.xsd">

    <import resource="exampleApplicationContext-persistence.xml"/>

    <mvc:annotation-driven/>

    <mvc:resources mapping="/static/**" location="/static/"/>
    <mvc:default-servlet-handler/>

    <context:component-scan base-package="ro.sapientia2015.common.controller"/>
    <context:component-scan base-package="ro.sapientia2015.story.controller"/>
    <context:component-scan base-package="ro.sapientia2015.story.service"/>

    <bean id="exceptionResolver" class="org.springframework.web.servlet.handler.SimpleMappingExceptionResolver">
        <property name="exceptionMappings">
            <props>
                <prop key="ro.sapientia2015.story.exception.FoundException">error/404</prop>
                <prop key="java.lang.Exception">error/error</prop>
                <prop key="java.lang.RuntimeException">error/error</prop>
            </props>
        </property>
        <property name="statusCodes">
            <props>
                <prop key="error/404">404</prop>
                <prop key="error/error">500</prop>
            </props>
        </property>
    </bean>


    <bean id="messageSource" class="org.springframework.context.support.ResourceBundleMessageSource">
        <property name="basename" value="i18n/messages"/>
        <property name="useCodeAsDefaultMessage" value="true"/>
    </bean>

    <bean id="viewResolver" class="org.springframework.web.servlet.view.InternalResourceViewResolver">
        <property name="prefix" value="/WEB-INF/jsp/"/>
        <property name="suffix" value=".jsp"/>
        <property name="viewClass" value="org.springframework.web.servlet.view.JstlView"/>
    </bean>
</beans>